"sdPassYds","sdPassTds","sdPassInt","sdRushYds","sdRushTds","sdRec","sdRecYds","sdRecTds"
82.0820651993044,0.822593237307185,0.730801089754443,11.2550769168276,0.40084617077655,11.0721770223918,15.9135579183728,0.384714785634019
